cycle,offset_measured
0,13
1,-4
2,-8
3,-10
4,-4
5,-4
6,-3
7,-7
8,-2
9,-2
10,2
11,2
12,2
13,-4
14,2
15,-3
16,2
17,-5
18,-8
19,-5
20,-2
21,2
22,3
23,-7
24,9
25,-4
26,2
27,2
28,-9
29,3
30,-7
31,2
32,6
33,-2
34,-12
35,-9
36,-2
37,2
38,2
39,2
40,3
41,3
42,2
43,-2
44,-2
45,1
46,2
47,2
48,-4
49,5
50,-13
51,2
52,2
53,1
54,-4
55,-5
56,2
57,5
58,-2
59,2
60,2
61,3
62,2
63,-3
64,-2
65,-2
66,-14
67,-2
68,-7
69,6
70,-5
71,-2
72,10
73,2
74,-4
75,-2
76,-4
77,7
78,8
79,-3
80,2
81,-6
82,2
83,-7
84,5
85,-8
86,-7
87,8
88,6
89,-2
90,9
91,-20
92,11
93,-4
94,-4
95,-4
96,-13
97,15
98,-11
99,9
100,-22
101,-7
102,9
103,-8
104,7
105,2
106,-12
107,20
108,-4
109,4
110,-2
111,-8
112,12
113,-4
114,-14
115,-7
116,-4
117,17
118,-7
119,-2
120,8
121,-4
122,3
123,-2
124,-4
125,-5
126,-7
127,20
128,11
129,-2
130,-10
131,-11
132,15
133,2
134,1
135,2
136,13
137,7
138,2
139,2
140,1
141,3
142,-2
143,-2
144,-2
145,-3
146,-9
147,-4
148,6
149,2
150,2
151,2
152,9
153,-4
154,3
155,2
156,7
157,9
158,5
159,2
160,2
161,2
162,-11
163,-4
164,3
165,2
166,11
167,2
168,11
169,2
170,2
171,8
172,2
173,-4
174,3
175,2
176,14
177,3
178,-9
179,-2
180,-4
181,2
182,2
183,-5
184,9
185,2
186,10
187,-2
188,2
189,3
190,2
191,2
192,2
193,2
194,-7
195,-3
196,7
197,3
198,2
199,2
200,10
201,2
202,1
203,-3
204,5
205,7
206,4
207,-2
208,-3
209,1
210,-10
211,1
212,-4
213,-2
214,3
215,9
216,10
217,-2
218,-4
219,2
220,3
221,2
222,7
223,-5
224,12
225,-4
226,-2
227,2
228,3
229,2
230,3
231,-3
232,14
233,2
234,7
235,7
236,3
237,2
238,2
239,2
240,3
241,-12
242,7
243,2
244,5
245,-2
246,2
247,-4
248,15
249,-14
250,2
251,-4
252,10
253,3
254,8
255,-4
256,3
257,-14
258,-3
259,-2
260,4
261,-8
262,10
263,-7
264,5
265,2
266,2
267,-2
268,1
269,-7
270,8
271,-6
272,8
273,-15
274,2
275,2
276,2
277,-8
278,-2
279,-8
280,12
281,1
282,1
283,2
284,2
285,-7
286,2
287,-7
288,3
289,-18
290,-7
291,7
292,3
293,3
294,-3
295,-5
296,8
297,-4
298,2
299,2
300,-5
301,8
302,2
303,2
304,-2
305,-11
306,-7
307,-7
308,2
309,-2
310,2
311,-2
312,5
313,7
314,2
315,2
316,8
317,-19
318,-2
319,12
320,2
321,-9
322,-5
323,8
324,2
325,-2
326,2
327,-7
328,8
329,2
330,2
331,7
332,5
333,2
334,2
335,2
336,5
337,-20
338,-4
339,-7
340,2
341,8
342,2
343,2
344,2
345,7
346,2
347,2
348,2
349,-5
350,6
351,3
352,-2
353,-12
354,-7
355,2
356,2
357,-3
358,2
359,-4
360,7
361,-7
362,7
363,2
364,2
365,2
366,-4
367,2
368,2
369,-12
370,4
371,2
372,2
373,2
374,2
375,-8
376,5
377,-2
378,-5
379,-4
380,5
381,2
382,4
383,2
384,2
385,-11
386,-7
387,2
388,-4
389,2
390,-3
391,4
392,8
393,-3
394,-4
395,2
396,-2
397,-2
398,-7
399,3
400,-7
401,-2
402,-4
403,2
404,2
405,-2
406,-3
407,-7
408,14
409,2
410,8
411,-2
412,2
413,-5
414,-5
415,-6
416,2
417,-24
418,2
419,-8
420,7
421,-2
422,-3
423,-7
424,10
425,2
426,-4
427,-2
428,2
429,-2
430,7
431,-2
432,2
433,-12
434,-8
435,2
436,2
437,-2
438,-2
439,4
440,2
441,2
442,2
443,-4
444,-4
445,-4
446,-4
447,-2
448,2
449,-5
450,-4
451,-2
452,-2
453,-4
454,-3
455,-9
456,3
457,2
458,4
459,2
460,2
461,-7
462,-2
463,2
464,-5
465,-17
466,2
467,2
468,8
469,3
470,-3
471,-2
472,3
473,2
474,-2
475,2
476,-4
477,8
478,-8
479,3
480,2
481,-12
482,-2
483,-13
484,-7
485,-2
486,-6
487,2
488,-2
489,2
490,-2
491,1
492,3
493,-11
494,-4
495,2
496,-7
497,8
498,-19
499,1
500,-2
501,2
502,5
503,-16
504,3
505,5
506,-14
507,19
508,-18
509,3
510,-4
511,2
512,4
513,-26
514,-11
515,1
516,-13
517,15
518,-16
519,-2
520,2
521,2
522,5
523,-15
524,-5
525,-4
526,-7
527,7
528,5
529,-9
530,-5
531,-5
532,2
533,-15
534,-9
535,-7
536,14
537,5
538,-14
539,2
540,-5
541,-3
542,2
543,-16
544,2
545,-14
546,-4
547,16
548,-16
549,1
550,-2
551,-7
552,2
553,-2
554,-5
555,2
556,-2
557,19
558,-29
559,3
560,-2
561,-11
562,2
563,-17
564,2
565,2
566,2
567,14
568,-25
569,9
570,-7
571,2
572,5
573,-16
574,-3
575,3
576,3
577,-3
578,-24
579,7
580,-8
581,2
582,5
583,-23
584,12
585,8
586,-2
587,10
588,-18
589,9
590,1
591,2
592,9
593,-29
594,-3
595,6
596,2
597,3
598,-16
599,8
600,2
601,2
602,5
603,-17
604,2
605,5
606,2
607,-3
608,-14
609,2
610,-9
611,2
612,2
613,-17
614,6
615,7
616,2
617,2
618,-7
619,9
620,2
621,-3
622,1
623,-16
624,13
625,-5
626,-5
627,2
628,-10
629,7
630,-2
631,-6
632,7
633,-7
634,11
635,-2
636,2
637,14
638,-7
639,-7
640,-15
641,-10
642,-9
643,-9
644,8
645,6
646,-5
647,-8
648,2
649,7
650,2
651,-4
652,-2
653,-4
654,14
655,2
656,-2
657,-12
658,-17
659,8
660,-3
661,-2
662,-5
663,2
664,10
665,4
666,2
667,1
668,-9
669,11
670,2
671,-2
672,-4
673,-7
674,5
675,2
676,-2
677,1
678,-8
679,3
680,2
681,2
682,-8
683,2
684,7
685,3
686,2
687,2
688,1
689,-13
690,-3
691,-2
692,-5
693,5
694,11
695,2
696,3
697,-2
698,-8
699,11
700,2
701,-7
702,10
703,-7
704,13
705,-11
706,-11
707,2
708,-5
709,8
710,2
711,-8
712,9
713,14
714,2
715,-2
716,2
717,-2
718,3
719,-4
720,-4
721,-2
722,-9
723,11
724,-7
725,2
726,-4
727,-6
728,8
729,-8
730,-8
731,10
732,-5
733,8
734,-4
735,2
736,2
737,-10
738,-8
739,2
740,-2
741,4
742,8
743,2
744,8
745,2
746,2
747,-2
748,5
749,-9
750,8
751,2
752,5
753,-13
754,-8
755,-2
756,2
757,2
758,2
759,-10
760,11
761,-2
762,2
763,3
764,-7
765,2
766,2
767,2
768,2
769,-16
770,8
771,-13
772,14
773,-3
774,-4
775,-2
776,5
777,2
778,-2
779,-7
780,2
781,7
782,2
783,-2
784,2
785,-8
786,-9
787,3
788,-7
789,9
790,1
791,5
792,8
793,2
794,-2
795,2
796,2
797,2
798,2
799,2
800,7
801,-14
802,2
803,-5
804,-2
805,2
806,-2
807,-5
808,9
809,2
810,2
811,18
812,-26
813,2
814,2
815,-2
816,-2
817,-13
818,-13
819,-2
820,-2
821,2
822,-8
823,-4
824,7
825,2
826,2
827,-2
828,-5
829,19
830,2
831,3
832,1
833,-12
834,2
835,2
836,2
837,2
838,2
839,3
840,15
841,-10
842,-5
843,2
844,-2
845,-2
846,2
847,-2
848,8
849,-14
850,2
851,2
852,2
853,-7
854,2
855,-4
856,7
857,-3
858,8
859,-5
860,14
861,-18
862,-4
863,3
864,2
865,-12
866,-12
867,5
868,8
869,4
870,2
871,-7
872,7
873,2
874,-8
875,2
876,-4
877,7
878,5
879,-3
880,-2
881,-11
882,-10
883,9
884,-9
885,2
886,2
887,2
888,10
889,-7
890,2
891,2
892,-7
893,2
894,-3
895,2
896,2
897,-8
898,2
899,-2
900,-7
901,2
902,-4
903,-9
904,2
905,10
906,-6
907,11
908,2
909,2
910,2
911,2
912,-4
913,-14
914,-4
915,2
916,-5
917,10
918,2
919,3
920,-2
921,6
922,-7
923,2
924,2
925,6
926,-7
927,8
928,2
929,-8
930,-4
931,2
932,2
933,2
934,2
935,2
936,-7
937,7
938,12
939,-8
940,2
941,-2
942,-4
943,7
944,-2
945,-15
946,7
947,-8
948,12
949,-2
950,2
951,2
952,-5
953,5
954,3
955,-7
956,11
957,1
958,2
959,2
960,-2
961,-12
962,-7
963,2
964,3
965,-7
966,11
967,2
968,3
969,3
970,-2
971,1
972,-2
973,-2
974,2
975,1
976,1
977,-7
978,2
979,-2
980,2
981,-3
982,1
983,-5
984,2
985,8
986,3
987,2
988,2
989,2
990,-7
991,-7
992,-4
993,-9
994,-14
995,8
996,-9
997,5
998,-2
999,-4
1000,2
1001,2
1002,2
1003,2
1004,-7
1005,13
1006,2
1007,3
1008,-7
1009,-10
1010,-2
1011,-7
1012,-3
1013,-4
1014,-8
1015,2
1016,3
1017,2
1018,2
1019,-4
1020,-4
1021,-4
1022,-7
1023,-15
1024,-8
1025,-9
1026,2
1027,2
1028,-7
1029,15
1030,-10
1031,7
1032,2
1033,2
1034,14
1035,-13
1036,4
1037,6
1038,-14
1039,4
1040,-10
1041,-14
1042,2
1043,-11
1044,16
1045,-14
1046,3
1047,-4
1048,2
1049,-7
1050,-3
1051,2
1052,1
1053,-20
1054,8
1055,-18
1056,-3
1057,-14
1058,-2
1059,3
1060,-14
1061,-2
1062,-2
1063,-10
1064,5
1065,-8
1066,-4
1067,-7
1068,-3
1069,2
1070,-20
1071,3
1072,-14
1073,-4
1074,2
1075,-11
1076,-8
1077,-6
1078,-7
1079,3
1080,-25
1081,7
1082,-7
1083,8
1084,10
1085,-16
1086,-3
1087,-5
1088,-8
1089,-9
1090,-23
1091,2
1092,-5
1093,6
1094,2
1095,-10
1096,2
1097,-3
1098,-12
1099,-7
1100,-14
1101,-4
1102,2
1103,-7
1104,13
1105,-25
1106,-5
1107,-9
1108,-5
1109,8
1110,-14
1111,-9
1112,-4
1113,5
1114,8
1115,-15
1116,2
1117,-4
1118,-4
1119,3
1120,-8
1121,-15
1122,7
1123,2
1124,8
1125,-14
1126,2
1127,2
1128,2
1129,8
1130,-2
1131,-9
1132,13
1133,-3
1134,8
1135,-14
1136,-3
1137,-12
1138,-4
1139,-2
1140,-11
1141,2
1142,2
1143,3
1144,8
1145,-9
1146,-2
1147,-3
1148,-3
1149,4
1150,-11
1151,-2
1152,12
1153,-7
1154,3
1155,-11
1156,2
1157,-2
1158,2
1159,-2
1160,-2
1161,7
1162,11
1163,2
1164,1
1165,-7
1166,-9
1167,10
1168,-4
1169,-12
1170,-2
1171,5
1172,2
1173,2
1174,-3
1175,2
1176,-7
1177,12
1178,-2
1179,-2
1180,2
1181,-4
1182,23
1183,-16
1184,2
1185,-14
1186,-15
1187,12
1188,2
1189,2
1190,2
1191,-6
1192,14
1193,3
1194,2
1195,-2
1196,-8
1197,10
1198,-2
1199,-5
1200,7
1201,-13
1202,8
1203,2
1204,2
1205,2
1206,-11
1207,12
1208,2
1209,5
1210,5
1211,1
1212,11
1213,2
1214,-7
1215,2
1216,-7
1217,2
1218,-9
1219,-2
1220,2
1221,-4
1222,14
1223,2
1224,-2
1225,2
1226,-12
1227,13
1228,-7
1229,2
1230,-4
1231,2
1232,12
1233,-13
1234,-6
1235,2
1236,-8
1237,12
1238,-4
1239,8
1240,3
1241,-2
1242,13
1243,2
1244,-5
1245,2
1246,-9
1247,12
1248,8
1249,-13
1250,2
1251,-9
1252,14
1253,2
1254,2
1255,-4
1256,-7
1257,16
1258,8
1259,2
1260,2
1261,-8
1262,14
1263,-7
1264,1
1265,-15
1266,-8
1267,3
1268,8
1269,-2
1270,2
1271,-10
1272,13
1273,3
1274,2
1275,-3
1276,2
1277,-7
1278,8
1279,-2
1280,3
1281,-19
1282,5
1283,-3
1284,2
1285,-3
1286,-7
1287,21
1288,2
1289,2
1290,3
1291,-9
1292,12
1293,2
1294,2
1295,2
1296,-8
1297,3
1298,2
1299,2
1300,4
1301,5
1302,-3
1303,2
1304,2
1305,7
1306,-14
1307,13
1308,2
1309,5
1310,-2
1311,5
1312,-2
1313,-12
1314,-5
1315,-2
1316,-2
1317,2
1318,5
1319,2
1320,2
1321,7
1322,2
1323,-2
1324,2
1325,-3
1326,2
1327,7
1328,3
1329,-11
1330,-5
1331,2
1332,2
1333,2
1334,2
1335,2
1336,3
1337,10
1338,3
1339,-2
1340,2
1341,-2
1342,-4
1343,2
1344,-2
1345,-11
1346,-3
1347,2
1348,8
1349,-17
1350,3
1351,-12
1352,2
1353,3
1354,1
1355,2
1356,-7
1357,3
1358,2
1359,-5
1360,2
1361,-18
1362,-7
1363,2
1364,-2
1365,-2
1366,16
1367,2
1368,2
1369,2
1370,1
1371,2
1372,2
1373,2
1374,-3
1375,2
1376,2
1377,-12
1378,-7
1379,-2
1380,-2
1381,2
1382,1
1383,-7
1384,8
1385,2
1386,3
1387,3
1388,2
1389,2
1390,-7
1391,2
1392,-2
1393,-12
1394,-10
1395,2
1396,1
1397,2
1398,2
1399,-2
1400,2
1401,2
1402,2
1403,2
1404,2
1405,2
1406,2
1407,2
1408,2
1409,-13
1410,-8
1411,1
1412,-2
1413,-3
1414,2
1415,7
1416,2
1417,3
1418,-3
1419,2
1420,-3
1421,-2
1422,2
1423,2
1424,-2
1425,2
1426,-10
1427,3
1428,1
1429,-2
1430,-2
1431,-7
1432,2
1433,-2
1434,2
1435,2
1436,7
1437,2
1438,-4
1439,2
1440,2
1441,-11
1442,-4
1443,-4
1444,2
1445,3
1446,7
1447,2
1448,2
1449,2
1450,-8
1451,2
1452,-4
1453,2
1454,-4
1455,3
1456,8
1457,-11
1458,-5
1459,-2
1460,-4
1461,2
1462,-2
1463,2
1464,3
1465,7
1466,3
1467,2
1468,2
1469,-7
1470,-4
1471,1
1472,-2
1473,-8
1474,-8
1475,6
1476,2
1477,2
1478,5
1479,-11
1480,2
1481,8
1482,-7
1483,6
1484,3
1485,3
1486,2
1487,-3
1488,-2
1489,-22
1490,-10
1491,12
1492,-7
1493,15
1494,-4
1495,3
1496,2
1497,2
1498,2
1499,2
1500,2
1501,2
1502,-8
1503,11
1504,-5
1505,-7
1506,-2
1507,-4
1508,-5
1509,-2
1510,2
1511,2
1512,2
1513,7
1514,2
1515,2
1516,3
1517,2
1518,2
1519,-4
1520,2
1521,-22
1522,8
1523,5
1524,8
1525,-16
1526,2
1527,-5
1528,-4
1529,2
1530,-4
1531,-7
1532,7
1533,3
1534,2
1535,2
1536,2
1537,-12
1538,-7
1539,-2
1540,-7
1541,-2
1542,6
1543,2
1544,2
1545,2
1546,-2
1547,-2
1548,2
1549,-2
1550,-2
1551,-4
1552,8
1553,-9
1554,-5
1555,2
1556,2
1557,-13
1558,-2
1559,1
1560,-2
1561,11
1562,-7
1563,6
1564,-6
1565,-3
1566,2
1567,-18
1568,-8
1569,-14
1570,-15
1571,12
1572,-14
1573,3
1574,2
1575,-3
1576,8
1577,-9
1578,-4
1579,-2
1580,-8
1581,21
1582,-19
1583,2
1584,-2
1585,-12
1586,5
1587,-14
1588,-4
1589,-2
1590,-8
1591,18
1592,-11
1593,3
1594,-5
1595,2
1596,2
1597,-2
1598,-2
1599,-2
1600,-5
1601,-2
1602,-5
1603,-21
1604,2
1605,-4
1606,2
1607,-19
1608,-2
1609,-2
1610,-4
1611,8
1612,-9
1613,-2
1614,-2
1615,-2
1616,5
1617,-25
1618,-11
1619,2
1620,8
1621,10
1622,-14
1623,2
1624,-7
1625,8
1626,5
1627,-6
1628,-12
1629,-7
1630,8
1631,4
1632,-11
1633,-18
1634,4
1635,2
1636,2
1637,-14
1638,-2
1639,-4
1640,2
1641,13
1642,-18
1643,2
1644,-2
1645,-3
1646,5
1647,-14
1648,-6
1649,-9
1650,2
1651,12
1652,-14
1653,2
1654,-4
1655,-4
1656,7
1657,-15
1658,2
1659,11
1660,-4
1661,10
1662,-15
1663,2
1664,-2
1665,-10
1666,2
1667,-11
1668,-9
1669,9
1670,-5
1671,6
1672,-7
1673,2
1674,2
1675,-2
1676,5
1677,-8
1678,-10
1679,6
1680,2
1681,-8
1682,-14
1683,-7
1684,-7
1685,-4
1686,2
1687,-4
1688,-8
1689,4
1690,8
1691,-10
1692,-2
1693,-5
1694,-3
1695,-4
1696,4
1697,-24
1698,3
1699,-2
1700,3
1701,3
1702,-7
1703,-9
1704,2
1705,2
1706,2
1707,-4
1708,10
1709,-4
1710,2
1711,2
1712,-2
1713,-14
1714,-7
1715,2
1716,2
1717,-7
1718,9
1719,-2
1720,2
1721,2
1722,8
1723,-11
1724,2
1725,-4
1726,2
1727,-5
1728,7
1729,-15
1730,1
1731,2
1732,-3
1733,-7
1734,2
1735,-3
1736,-5
1737,7
1738,2
1739,3
1740,-2
1741,2
1742,1
1743,-7
1744,2
1745,-10
1746,-15
1747,23
1748,-10
1749,1
1750,3
1751,2
1752,2
1753,2
1754,-5
1755,8
1756,-4
1757,10
1758,2
1759,2
1760,2
1761,-10
1762,-5
1763,-2
1764,-7
1765,8
1766,2
1767,2
1768,2
1769,2
1770,5
1771,2
1772,-2
1773,-4
1774,-7
1775,8
1776,2
1777,-6
1778,1
1779,-12
1780,10
1781,1
1782,2
1783,2
1784,-2
1785,10
1786,5
1787,7
1788,-9
1789,10
1790,-7
1791,2
1792,-10
1793,-11
1794,8
1795,12
1796,-2
1797,2
1798,-7
1799,10
1800,2
1801,2
1802,-4
1803,-8
1804,14
1805,2
1806,10
1807,-16
1808,-17
1809,7
1810,-4
1811,-2
1812,-8
1813,10
1814,2
1815,3
1816,3
1817,2
1818,-7
1819,18
1820,-7
1821,-2
1822,-4
1823,-9
1824,12
1825,-4
1826,2
1827,-8
1828,-7
1829,14
1830,2
1831,-5
1832,2
1833,-7
1834,27
1835,2
1836,3
1837,-2
1838,-4
1839,13
1840,-14
1841,-7
1842,-14
1843,-10
1844,12
1845,5
1846,2
1847,2
1848,-10
1849,14
1850,-5
1851,-4
1852,-11
1853,-2
1854,8
1855,10
1856,-27
1857,-8
1858,-8
1859,12
1860,2
1861,2
1862,-2
1863,8
1864,5
1865,2
1866,2
1867,-3
1868,2
1869,-2
1870,-4
1871,2
1872,-7
1873,-7
1874,15
1875,2
1876,3
1877,-8
1878,-8
1879,8
1880,2
1881,5
1882,10
1883,2
1884,25
1885,-4
1886,2
1887,-8
1888,-17
1889,2
1890,2
1891,-5
1892,7
1893,-9
1894,15
1895,-9
1896,2
1897,2
1898,-7
1899,10
1900,2
1901,2
1902,4
1903,-7
1904,3
1905,-8
1906,-4
1907,2
1908,-7
1909,10
1910,-3
1911,8
1912,2
1913,19
1914,3
1915,2
1916,-2
1917,1
1918,5
1919,2
1920,-14
1921,-7
1922,8
1923,3
1924,2
1925,-3
1926,2
1927,-4
1928,4
1929,4
1930,-3
1931,7
1932,2
1933,15
1934,-13
1935,1
1936,-13
1937,-5
1938,2
1939,-2
1940,-3
1941,7
1942,2
1943,2
1944,-2
1945,2
1946,-2
1947,2
1948,-5
1949,-2
1950,2
1951,9
1952,-13
1953,2
1954,-7
1955,2
1956,-7
1957,-2
1958,-2
1959,-7
1960,3
1961,7
1962,-5
1963,2
1964,-2
1965,2
1966,-4
1967,2
1968,-9
1969,-12
1970,9
1971,-2
1972,10
1973,-13
1974,2
1975,2
1976,-2
1977,2
1978,2
1979,-4
1980,8
1981,2
1982,2
1983,-2
1984,-15
1985,2
1986,-4
1987,2
1988,2
1989,-4
1990,5
1991,3
1992,2
1993,3
1994,2
1995,-2
1996,2
1997,1
1998,-2
1999,3
2000,-6
2001,-7
2002,3
2003,2
2004,-5
2005,-5
2006,-7
2007,-7
2008,-3
2009,2
2010,2
2011,-9
2012,-5
2013,-3
2014,-2
2015,2
2016,-10
2017,2
2018,-7
2019,7
2020,2
2021,2
2022,2
2023,-4
2024,-2
2025,2
2026,-4
2027,-3
2028,-7
2029,3
2030,-2
2031,4
2032,-12
2033,-4
2034,-4
2035,-2
2036,2
2037,-3
2038,2
2039,5
2040,2
2041,4
2042,2
2043,-2
2044,2
2045,-2
2046,-2
2047,-6
2048,-2
2049,-2
2050,3
2051,2
2052,-3
2053,5
2054,-7
2055,-7
2056,2
2057,-2
2058,7
2059,2
2060,5
2061,-2
2062,1
2063,-7
2064,-14
2065,-3
2066,-6
2067,-5
2068,7
2069,2
2070,3
2071,-4
2072,-3
2073,8
2074,-5
2075,-2
2076,5
2077,2
2078,1
2079,5
2080,-14
2081,2
2082,2
2083,-2
2084,-4
2085,-2
2086,-7
2087,3
2088,-5
2089,2
2090,3
2091,-3
2092,-2
2093,2
2094,-4
2095,2
2096,-11
2097,2
2098,-5
2099,1
2100,2
2101,-8
2102,15
2103,-18
2104,3
2105,3
2106,-8
2107,10
2108,-12
2109,2
2110,2
2111,2
2112,-8
2113,-18
2114,-8
2115,-7
2116,5
2117,13
2118,-15
2119,-7
2120,14
2121,1
2122,9
2123,-12
2124,-4
2125,2
2126,-8
2127,11
2128,-24
2129,2
2130,1
2131,1
2132,-3
2133,-2
2134,-4
2135,2
2136,-2
2137,8
2138,-7
2139,2
2140,2
2141,2
2142,5
2143,-14
2144,-12
2145,-7
2146,-7
2147,-4
2148,2
2149,-5
2150,2
2151,2
2152,2
2153,-9
2154,-4
2155,-2
2156,5
2157,5
2158,-13
2159,-5
2160,-11
2161,2
2162,7
2163,-17
2164,-7
2165,2
2166,2
2167,7
2168,-12
2169,2
2170,2
2171,2
2172,7
2173,-16
2174,-2
2175,-4
2176,-8
2177,5
2178,-14
2179,-3
2180,-3
2181,-7
2182,10
2183,-16
2184,-2
2185,7
2186,2
2187,13
2188,-21
2189,-2
2190,-3
2191,-4
2192,-4
2193,-16
2194,-6
2195,2
2196,-3
2197,8
2198,-11
2199,-3
2200,-2
2201,2
2202,8
2203,-10
2204,-2
2205,2
2206,10
2207,7
2208,-20
2209,-8
2210,1
2211,-4
2212,2
2213,-8
2214,-3
2215,2
2216,-2
2217,5
2218,2
2219,-3
2220,2
2221,-7
2222,10
2223,2
2224,-8
2225,-5
2226,2
2227,2
2228,-2
2229,-7
2230,-4
2231,-7
2232,2
2233,2
2234,2
2235,-3
2236,2
2237,1
2238,-7
2239,-2
2240,-12
2241,-9
2242,2
2243,6
2244,5
2245,-10
2246,1
2247,-2
2248,2
2249,2
2250,-3
2251,-5
2252,3
2253,2
2254,2
2255,2
2256,-10
2257,-5
2258,-4
2259,2
2260,-2
2261,-2
2262,1
2263,7
2264,-10
2265,9
2266,-4
2267,-3
2268,2
2269,-9
2270,15
2271,-2
2272,-12
2273,2
2274,-7
2275,1
2276,-2
2277,-3
2278,2
2279,-9
2280,2
2281,-4
2282,3
2283,7
2284,-4
2285,2
2286,-4
2287,2
2288,-15
2289,-7
2290,-5
2291,-2
2292,-2
2293,3
2294,11
2295,2
2296,2
2297,2
2298,-2
2299,-2
2300,2
2301,-2
2302,-2
2303,4
2304,-12
2305,-7
2306,2
2307,-5
2308,-2
2309,-8
2310,-2
2311,-4
2312,5
2313,15
2314,-14
2315,-15
2316,2
2317,-4
2318,-7
2319,-4
2320,-18
2321,2
2322,2
2323,2
2324,-3
2325,2
2326,-2
2327,-7
2328,-4
2329,2
2330,2
2331,-4
2332,9
2333,-5
2334,2
2335,-2
2336,-13
2337,-7
2338,-7
2339,2
2340,2
2341,-6
2342,11
2343,-7
2344,2
2345,2
2346,2
2347,-2
2348,-3
2349,-7
2350,-5
2351,3
2352,-9
2353,-5
2354,-2
2355,-2
2356,3
2357,-5
2358,2
2359,-8
2360,2
2361,2
2362,9
2363,-6
2364,7
2365,-3
2366,-2
2367,7
2368,-5
2369,-10
2370,2
2371,-4
2372,17
2373,-2
2374,2
2375,-7
2376,-4
2377,14
2378,2
2379,-11
2380,10
2381,-7
2382,16
2383,-2
2384,-12
2385,-7
2386,-16
2387,7
2388,2
2389,1
2390,3
2391,-7
2392,14
2393,-8
2394,-2
2395,-2
2396,-9
2397,9
2398,-5
2399,-3
2400,-9
2401,-8
2402,10
2403,2
2404,2
2405,2
2406,-10
2407,12
2408,3
2409,2
2410,9
2411,2
2412,3
2413,2
2414,2
2415,-3
2416,-20
2417,4
2418,2
2419,-7
2420,-2
2421,2
2422,-4
2423,-2
2424,2
2425,7
2426,-9
2427,12
2428,2
2429,2
2430,2
2431,2
2432,-17
2433,-7
2434,-7
2435,-2
2436,-8
2437,8
2438,-7
2439,2
2440,-3
2441,3
2442,13
2443,2
2444,-2
2445,-2
2446,-8
2447,8
2448,-17
2449,2
2450,-4
2451,-4
2452,17
2453,-15
2454,-2
2455,-8
2456,-4
2457,14
2458,-7
2459,5
2460,2
2461,-2
2462,10
2463,-9
2464,-13
2465,-10
2466,-11
2467,8
2468,11
2469,2
2470,8
2471,-10
2472,13
2473,2
2474,-17
2475,-2
2476,-10
2477,8
2478,9
2479,-15
2480,-11
2481,-10
2482,13
2483,-2
2484,-8
2485,2
2486,-8
2487,11
2488,7
2489,-7
2490,3
2491,-11
2492,2
2493,-3
2494,-3
2495,-7
2496,-17
2497,11
2498,-2
2499,-7
2500,2
2501,-9
2502,8
2503,-2
2504,-2
2505,2
2506,-8
2507,9
2508,9
2509,-4
2510,2
2511,-3
2512,-7
2513,-4
2514,-9
2515,-2
2516,-7
2517,18
2518,2
2519,2
2520,-5
2521,10
2522,-7
2523,2
2524,2
2525,1
2526,2
2527,8
2528,-13
2529,1
2530,-4
2531,2
2532,-7
2533,-4
2534,-7
2535,2
2536,11
2537,7
2538,3
2539,2
2540,2
2541,2
2542,-2
2543,-3
2544,-10
2545,-6
2546,7
2547,2
2548,3
2549,2
2550,1
2551,4
2552,2
2553,3
2554,2
2555,-2
2556,6
2557,2
2558,10
2559,-20
2560,-12
2561,8
2562,2
2563,3
2564,-2
2565,1
2566,8
2567,2
2568,2
2569,8
2570,-3
2571,-3
2572,2
2573,-2
2574,-2
2575,4
2576,-7
2577,-4
2578,-3
2579,-2
2580,-2
2581,-7
2582,7
2583,-3
2584,2
2585,12
2586,3
2587,3
2588,2
2589,2
2590,2
2591,-2
2592,-12
2593,-2
2594,-6
2595,4
2596,2
2597,11
2598,-16
2599,-2
2600,2
2601,2
2602,2
2603,-2
2604,-2
2605,7
2606,-2
2607,2
2608,-12
2609,2
2610,2
2611,-2
2612,-3
2613,-2
2614,-2
2615,2
2616,2
2617,2
2618,2
2619,5
2620,-14
2621,1
2622,2
2623,2
2624,2
2625,-15
2626,2
2627,-3
2628,2
2629,8
2630,-13
2631,-3
2632,2
2633,5
2634,8
2635,-8
2636,1
2637,-2
2638,2
2639,3
2640,-25
2641,-11
2642,-8
2643,-8
2644,9
2645,-14
2646,3
2647,-4
2648,3
2649,9
2650,-13
2651,2
2652,-3
2653,-2
2654,15
2655,-18
2656,2
2657,-7
2658,-2
2659,1
2660,-17
2661,-10
2662,11
2663,-7
2664,16
2665,-18
2666,7
2667,-8
2668,2
2669,2
2670,-11
2671,-5
2672,-10
2673,-16
2674,20
2675,-24
2676,14
2677,-4
2678,2
2679,2
2680,-12
2681,1
2682,-3
2683,-2
2684,12
2685,-16
2686,2
2687,-7
2688,-11
2689,-8
2690,-12
2691,-6
2692,-2
2693,-3
2694,10
2695,-14
2696,5
2697,1
2698,2
2699,2
2700,-13
2701,-13
2702,7
2703,7
2704,-7
2705,-16
2706,1
2707,-6
2708,2
2709,1
2710,-13
2711,-7
2712,-4
2713,6
2714,5
2715,-5
2716,2
2717,-4
2718,2
2719,2
2720,-23
2721,-15
2722,2
2723,-2
2724,10
2725,-18
2726,2
2727,-7
2728,2
2729,5
2730,-12
2731,-13
2732,12
2733,-2
2734,8
2735,-16
2736,-8
2737,-9
2738,-3
2739,-7
2740,2
2741,-7
2742,8
2743,-4
2744,7
2745,-10
2746,2
2747,-8
2748,2
2749,-2
2750,-4
2751,-7
2752,2
2753,-10
2754,7
2755,-10
2756,-5
2757,8
2758,3
2759,2
2760,-12
2761,-9
2762,10
2763,7
2764,-15
2765,-7
2766,3
2767,-7
2768,-7
2769,-11
2770,2
2771,-2
2772,7
2773,-2
2774,2
2775,-8
2776,6
2777,-2
2778,2
2779,-5
2780,2
2781,2
2782,4
2783,-3
2784,-5
2785,-7
2786,2
2787,-7
2788,3
2789,-4
2790,2
2791,2
2792,5
2793,2
2794,3
2795,-7
2796,3
2797,-7
2798,2
2799,-7
2800,-2
2801,-2
2802,2
2803,-5
2804,2
2805,-2
2806,8
2807,-3
2808,-7
2809,8
2810,2
2811,2
2812,8
2813,-17
2814,2
2815,-2
2816,-9
2817,-7
2818,2
2819,-3
2820,-2
2821,2
2822,1
2823,2
2824,2
2825,3
2826,-7
2827,-4
2828,-2
2829,-11
2830,11
2831,-10
2832,-5
2833,-9
2834,2
2835,-7
2836,2
2837,-2
2838,2
2839,-8
2840,12
2841,2
2842,7
2843,-2
2844,2
2845,-3
2846,-4
2847,-6
2848,-11
2849,-7
2850,3
2851,2
2852,2
2853,-4
2854,2
2855,-4
2856,2
2857,2
2858,2
2859,-2
2860,7
2861,3
2862,2
2863,-4
2864,-10
2865,-7
2866,-5
2867,-2
2868,2
2869,11
2870,2
2871,-3
2872,2
2873,3
2874,2
2875,-2
2876,-3
2877,-2
2878,-2
2879,10
2880,-13
2881,-2
2882,2
2883,-2
2884,2
2885,-2
2886,-3
2887,-3
2888,2
2889,7
2890,5
2891,-7
2892,2
2893,-3
2894,2
2895,-2
2896,-9
2897,-7
2898,-2
2899,2
2900,5
2901,-7
2902,2
2903,-7
2904,-2
2905,13
2906,-13
2907,7
2908,2
2909,8
2910,-7
2911,2
2912,-18
2913,-2
2914,8
2915,-8
2916,-8
2917,4
2918,3
2919,4
2920,-4
2921,8
2922,2
2923,2
2924,2
2925,2
2926,3
2927,-7
2928,5
2929,-7
2930,3
2931,1
2932,-2
2933,2
2934,2
2935,2
2936,-7
2937,2
2938,14
2939,2
2940,2
2941,-2
2942,2
2943,2
2944,-11
2945,-4
2946,-5
2947,14
2948,-7
2949,2
2950,7
2951,2
2952,-8
2953,8
2954,-4
2955,10
2956,-2
2957,11
2958,2
2959,2
2960,-7
2961,-4
2962,-4
2963,-2
2964,-2
2965,8
2966,-7
2967,14
2968,2
2969,-2
2970,7
2971,1
2972,1
2973,2
2974,-9
2975,12
2976,-8
2977,2
2978,-4
2979,-8
2980,13
2981,-2
2982,1
2983,-2
2984,-5
2985,11
2986,2
2987,5
2988,2
2989,-8
2990,13
2991,-3
2992,-10
2993,-7
2994,-11
2995,16
2996,7
2997,3
2998,-2
2999,-2
3000,3
3001,-5
3002,-2
3003,2
3004,2
3005,13
3006,5
3007,-3
3008,-10
3009,-7
3010,5
3011,2
3012,3
3013,2
3014,-8
3015,15
3016,2
3017,7
3018,-7
3019,-7
3020,11
3021,-10
3022,-3
3023,2
3024,-24
3025,15
3026,-7
3027,3
3028,-4
3029,2
3030,2
3031,-3
3032,2
3033,2
3034,-4
3035,24
3036,-10
3037,16
3038,2
3039,-7
3040,2
3041,-8
3042,-7
3043,-2
3044,-4
3045,19
3046,-6
3047,2
3048,2
3049,2
3050,12
3051,-2
3052,2
3053,-7
3054,14
3055,11
3056,2
3057,-17
3058,-4
3059,-10
3060,10
3061,2
3062,2
3063,-2
3064,-2
3065,16
3066,7
3067,2
3068,2
3069,-8
3070,5
3071,3
3072,-12
3073,-4
3074,7
3075,-8
3076,2
3077,2
3078,2
3079,-2
3080,-7
3081,6
3082,3
3083,2
3084,2
3085,10
3086,4
3087,-2
3088,-13
3089,-12
3090,8
3091,2
3092,2
3093,3
3094,-4
3095,16
3096,1
3097,3
3098,2
3099,-7
3100,8
3101,-2
3102,-2
3103,7
3104,-16
3105,7
3106,-4
3107,-2
3108,2
3109,2
3110,2
3111,-2
3112,-5
3113,19
3114,2
3115,3
3116,-2
3117,-3
3118,-2
3119,8
3120,-14
3121,-2
3122,2
3123,7
3124,3
3125,2
3126,-2
3127,-4
3128,2
3129,7
3130,-2
3131,-2
3132,10
3133,10
3134,-4
3135,2
3136,-13
3137,-4
3138,2
3139,4
3140,2
3141,-2
3142,5
3143,-4
3144,2
3145,2
3146,2
3147,-2
3148,2
3149,4
3150,-4
3151,2
3152,-13
3153,-7
3154,1
3155,-2
3156,3
3157,-10
3158,7
3159,-17
3160,2
3161,13
3162,-5
3163,-7
3164,6
3165,-2
3166,4
3167,-16
3168,-12
3169,-8
3170,-4
3171,7
3172,-3
3173,-8
3174,3
3175,-7
3176,5
3177,-10
3178,-7
3179,-3
3180,-7
3181,13
3182,-14
3183,10
3184,-25
3185,-5
3186,2
3187,-12
3188,2
3189,-5
3190,-8
3191,11
3192,-12
3193,8
3194,-2
3195,-3
3196,5
3197,-16
3198,-3
3199,-7
3200,2
3201,3
3202,-12
3203,-2
3204,2
3205,2
3206,5
3207,-16
3208,-4
3209,2
3210,2
3211,8
3212,-8
3213,-6
3214,-2
3215,2
3216,-7
3217,-14
3218,-7
3219,2
3220,-2
3221,14
3222,-13
3223,-4
3224,-2
3225,7
3226,-18
3227,-5
3228,2
3229,-7
3230,2
3231,-8
3232,-7
3233,-8
3234,-3
3235,5
3236,-18
3237,2
3238,7
3239,9
3240,14
3241,-9
3242,-8
3243,1
3244,-7
3245,3
3246,-10
3247,-10
3248,10
3249,-2
3250,12
3251,-8
3252,-10
3253,5
3254,-3
3255,1
3256,-15
3257,-5
3258,3
3259,-7
3260,2
3261,10
3262,-6
3263,-8
3264,-8
3265,2
3266,-12
3267,-4
3268,2
3269,-4
3270,9
3271,-12
3272,6
3273,-4
3274,-3
3275,2
3276,-13
3277,-11
3278,8
3279,-13
3280,-3
3281,-5
3282,2
3283,-2
3284,1
3285,-2
3286,-3
3287,2
3288,7
3289,-2
3290,3
3291,2
3292,-2
3293,-7
3294,-2
3295,-9
3296,-7
3297,-12
3298,4
3299,-7
3300,3
3301,-2
3302,2
3303,-2
3304,3
3305,5
3306,-2
3307,3
3308,7
3309,2
3310,-13
3311,-7
3312,-8
3313,-2
3314,-9
3315,5
3316,-4
3317,2
3318,3
3319,2
3320,-10
3321,3
3322,2
3323,-3
3324,2
3325,-2
3326,-2
3327,-7
3328,2
3329,2
3330,2
3331,-7
3332,8
3333,-3
3334,2
3335,2
3336,6
3337,11
3338,-3
3339,2
3340,2
3341,-6
3342,-8
3343,-2
3344,-7
3345,4
3346,-7
3347,5
3348,-3
3349,2
3350,1
3351,-11
3352,2
3353,-5
3354,2
3355,-4
3356,3
3357,7
3358,-23
3359,-9
3360,-2
3361,-5
3362,2
3363,-8
3364,7
3365,8
3366,2
3367,-2
3368,3
3369,3
3370,2
3371,-2
3372,2
3373,-2
3374,-8
3375,2
3376,-5
3377,1
3378,2
3379,2
3380,-2
3381,-3
3382,2
3383,2
3384,5
3385,2
3386,2
3387,2
3388,2
3389,-5
3390,-13
3391,-8
3392,-7
3393,7
3394,1
3395,4
3396,2
3397,1
3398,-4
3399,-2
3400,-2
3401,1
3402,2
3403,7
3404,2
3405,-7
3406,2
3407,-7
3408,2
3409,2
3410,-4
3411,2
3412,2
3413,8
3414,2
3415,2
3416,5
3417,3
3418,-2
3419,2
3420,-7
3421,-11
3422,-8
3423,8
3424,-7
3425,4
3426,2
3427,2
3428,2
3429,2
3430,-6
3431,2
3432,2
3433,6
3434,3
3435,-7
3436,-3
3437,-9
3438,-4
3439,-4
3440,2
3441,-3
3442,5
3443,2
3444,5
3445,2
3446,2
3447,2
3448,2
3449,7
3450,-2
3451,-5
3452,10
3453,-16
3454,2
3455,-2
3456,2
3457,2
3458,2
3459,2
3460,2
3461,2
3462,9
3463,-2
3464,4
3465,3
3466,-7
3467,3
3468,-3
3469,-8
3470,-7
3471,2
3472,2
3473,2
3474,2
3475,2
3476,3
3477,-4
3478,-2
3479,-7
3480,3
3481,2
3482,2
3483,2
3484,-15
3485,3
3486,-7
3487,9
3488,-16
3489,3
3490,3
3491,6
3492,2
3493,7
3494,2
3495,2
3496,-8
3497,5
3498,2
3499,-4
3500,-4
3501,-7
3502,1
3503,3
3504,-13
3505,2
3506,2
3507,2
3508,2
3509,1
3510,2
3511,2
3512,2
3513,3
3514,-4
3515,-3
3516,-12
3517,-8
3518,-7
3519,2
3520,2
3521,2
3522,2
3523,-2
3524,2
3525,-4
3526,7
3527,5
3528,5
3529,2
3530,2
3531,-7
3532,2
3533,2
3534,2
3535,8
3536,4
3537,-2
3538,-7
3539,2
3540,2
3541,-5
3542,2
3543,1
3544,-7
3545,2
3546,5
3547,-14
3548,-2
3549,13
3550,-9
3551,3
3552,-4
3553,-7
3554,-8
3555,2
3556,2
3557,-5
3558,-4
3559,-9
3560,2
3561,2
3562,2
3563,6
3564,5
3565,-11
3566,10
3567,-6
3568,13
3569,4
3570,-8
3571,2
3572,14
3573,-11
3574,-3
3575,-8
3576,2
3577,16
3578,-3
3579,3
3580,2
3581,5
3582,2
3583,3
3584,10
3585,-21
3586,2
3587,8
3588,-4
3589,3
3590,-13
3591,2
3592,18
3593,-11
3594,-2
3595,-15
3596,17
3597,-4
3598,-9
3599,2
3600,7
3601,-8
3602,2
3603,2
3604,-15
3605,-8
3606,4
3607,-7
3608,7
3609,-7
3610,18
3611,-4
3612,-2
3613,2
3614,-9
3615,11
3616,1
3617,-13
3618,8
3619,-18
3620,13
3621,-7
3622,2
3623,-2
3624,2
3625,2
3626,7
3627,3
3628,-4
3629,17
3630,-2
3631,2
3632,2
3633,-11
3634,-7
3635,-15
3636,-2
3637,-7
3638,-8
3639,11
3640,-2
3641,4
3642,-2
3643,2
3644,7
3645,-2
3646,5
3647,2
3648,-4
3649,13
3650,-18
3651,2
3652,-2
3653,-7
3654,12
3655,-4
3656,5
3657,9
3658,-4
3659,2
3660,-7
3661,2
3662,-2
3663,-9
3664,7
3665,-8
3666,14
3667,-16
3668,3
3669,-15
3670,-7
3671,2
3672,-5
3673,14
3674,-8
3675,-5
3676,7
3677,2
3678,-5
3679,-5
3680,-15
3681,-4
3682,2
3683,-7
3684,-7
3685,15
3686,5
3687,-9
3688,-12
3689,23
3690,-21
3691,1
3692,-12
3693,-5
3694,2
3695,-14
3696,2
3697,-4
3698,10
3699,3
3700,2
3701,3
3702,2
3703,-15
3704,-2
3705,2
3706,-9
3707,2
3708,-23
3709,2
3710,-2
3711,7
3712,2
3713,-14
3714,-4
3715,-6
3716,-9
3717,2
3718,8
3719,-8
3720,4
3721,10
3722,-26
3723,2
3724,-13
3725,3
3726,5
3727,-2
3728,2
3729,2
3730,-12
3731,6
3732,-16
3733,-2
3734,-2
3735,2
3736,3
3737,4
3738,-11
3739,-5
3740,2
3741,-7
3742,-7
3743,-8
3744,-7
3745,10
3746,-22
3747,-9
3748,-6
3749,8
3750,-14
3751,-7
3752,-13
3753,-2
3754,-8
3755,3
3756,-7
3757,-4
3758,2
3759,1
3760,-2
3761,-7
3762,2
3763,8
3764,-10
3765,-7
3766,-3
3767,-5
3768,-4
3769,-5
3770,-3
3771,9
3772,5
3773,-7
3774,2
3775,-15
3776,-5
3777,3
3778,-12
3779,-5
3780,-10
3781,-2
3782,-7
3783,-5
3784,-2
3785,3
3786,-3
3787,2
3788,-4
3789,-2
3790,-2
3791,-3
3792,8
3793,-4
3794,-4
3795,2
3796,-4
3797,2
3798,-20
3799,5
3800,9
3801,5
3802,-6
3803,2
3804,2
3805,3
3806,-7
3807,-5
3808,11
3809,-2
3810,-4
3811,-7
3812,-4
3813,-8
3814,-8
3815,-3
3816,7
3817,8
3818,8
3819,3
3820,16
3821,-30
3822,2
3823,5
3824,2
3825,-7
3826,-9
3827,2
3828,-16
3829,-7
3830,2
3831,-8
3832,6
3833,-2
3834,2
3835,7
3836,5
3837,2
3838,-2
3839,3
3840,2
3841,2
3842,2
3843,-6
3844,-17
3845,10
3846,-2
3847,2
3848,8
3849,2
3850,-7
3851,-4
3852,-5
3853,4
3854,2
3855,-2
3856,2
3857,-2
3858,-2
3859,-8
3860,-7
3861,-14
3862,-4
3863,2
3864,3
3865,13
3866,-6
3867,9
3868,-11
3869,2
3870,-11
3871,1
3872,-7
3873,4
3874,-13
3875,-2
3876,-9
3877,2
3878,-5
3879,-2
3880,13
3881,-15
3882,2
3883,-10
3884,2
3885,-11
3886,-4
3887,-7
3888,-4
3889,-7
3890,-12
3891,-7
3892,8
3893,1
3894,12
3895,1
3896,-5
3897,2
3898,-2
3899,-4
3900,-7
3901,3
3902,5
3903,2
3904,2
3905,-16
3906,3
3907,2
3908,-2
3909,-10
3910,-2
3911,-2
3912,7
3913,-8
3914,1
3915,-2
3916,3
3917,-2
3918,2
3919,-2
3920,-2
3921,2
3922,3
3923,5
3924,-2
3925,3
3926,2
3927,-2
3928,8
3929,2
3930,8
3931,2
3932,2
3933,4
3934,-3
3935,-9
3936,-2
3937,-5
3938,-7
3939,12
3940,2
3941,8
3942,-4
3943,2
3944,8
3945,3
3946,2
3947,2
3948,-2
3949,15
3950,1
3951,-2
3952,-10
3953,3
3954,-5
3955,5
3956,2
3957,8
3958,3
3959,10
3960,8
3961,8
3962,-9
3963,4
3964,2
3965,4
3966,4
3967,-21
3968,8
3969,2
3970,5
3971,2
3972,3
3973,2
3974,1
3975,-4
3976,11
3977,8
3978,2
3979,6
3980,2
3981,-2
3982,-2
3983,-14
3984,2
3985,5
3986,-7
3987,9
3988,4
3989,9
3990,-2
3991,-11
3992,9
3993,-2
3994,3
3995,2
3996,2
3997,8
3998,7
3999,8
4000,-5
4001,3
4002,-2
4003,3
4004,14
4005,7
4006,3
4007,-7
4008,13
4009,3
4010,-3
4011,-7
4012,2
4013,5
4014,-4
4015,9
4016,-2
4017,7
4018,-4
4019,7
4020,-2
4021,5
4022,-4
4023,8
4024,7
4025,12
4026,-7
4027,-4
4028,-5
4029,2
4030,2
4031,4
4032,-4
4033,12
4034,2
4035,9
4036,-6
4037,8
4038,-4
4039,3
4040,5
4041,8
4042,2
4043,2
4044,-11
4045,5
4046,2
4047,2
4048,3
4049,2
4050,7
4051,3
4052,6
4053,7
4054,7
4055,-4
4056,11
4057,-7
4058,-2
4059,2
4060,8
4061,11
4062,-2
4063,5
4064,2
4065,2
4066,2
4067,5
4068,-2
4069,7
4070,5
4071,3
4072,-2
4073,2
4074,-7
4075,8
4076,-2
4077,9
4078,-7
4079,17
4080,-3
4081,10
4082,2
4083,2
4084,-7
4085,3
4086,-4
4087,3
4088,-7
4089,8
4090,-3
4091,3
4092,-2
4093,7
4094,-9
4095,6
4096,2
4097,3
4098,2
4099,11
4100,8
4101,-8
4102,-3
4103,2
4104,-2
4105,-4
4106,3
4107,2
4108,2
4109,9
4110,2
4111,8
4112,2
4113,5
4114,-4
4115,2
4116,-2
4117,11
4118,9
4119,2
4120,-9
4121,11
4122,-7
4123,2
4124,-2
4125,8
4126,1
4127,-6
4128,12
4129,3
4130,2
4131,8
4132,2
4133,2
4134,-2
4135,-2
4136,3
4137,3
4138,4
4139,8
4140,-2
4141,3
4142,2
4143,10
4144,-6
4145,-9
4146,7
4147,2
4148,7
4149,-3
4150,2
4151,-14
4152,-8
4153,-8
4154,1
4155,-7
4156,10
4157,3
4158,5
4159,5
4160,-8
4161,7
4162,-2
4163,2
4164,-2
4165,-3
4166,-4
4167,9
4168,-4
4169,-4
4170,-5
4171,2
4172,-2
4173,2
4174,-4
4175,-7
4176,5
4177,5
4178,3
4179,2
4180,-2
4181,2
4182,2
4183,-7
4184,-4
4185,3
4186,11
4187,8
4188,-11
4189,-2
4190,4
4191,-7
4192,2
4193,-7
4194,-7
4195,8
4196,-8
4197,3
4198,2
4199,-16
4200,7
4201,-15
4202,-9
4203,-7
4204,2
4205,2
4206,3
4207,2
4208,-4
4209,1
4210,-2
4211,-4
4212,2
4213,-7
4214,10
4215,-12
4216,2
4217,-2
4218,2
4219,-4
4220,2
4221,-4
4222,-4
4223,-6
4224,8
4225,2
4226,2
4227,-3
4228,-3
4229,1
4230,-4
4231,-15
4232,2
4233,-10
4234,8
4235,2
4236,1
4237,-2
4238,-4
4239,-2
4240,-2
4241,-8
4242,-7
4243,2
4244,2
4245,-2
4246,2
4247,-17
4248,5
4249,-4
4250,2
4251,-7
4252,-5
4253,5
4254,2
4255,2
4256,-4
4257,-2
4258,2
4259,12
4260,-17
4261,-4
4262,-7
4263,-7
4264,2
4265,9
4266,-16
4267,2
4268,-7
4269,8
4270,-17
4271,2
4272,-15
4273,7
4274,-2
4275,3
4276,-8
4277,2
4278,-4
4279,-2
4280,-12
4281,-4
4282,-7
4283,8
4284,5
4285,-4
4286,-7
4287,3
4288,-7
4289,11
4290,-15
4291,1
4292,-3
4293,6
4294,7
4295,-22
4296,8
4297,2
4298,-2
4299,9
4300,-12
4301,-7
4302,2
4303,-2
4304,2
4305,-10
4306,3
4307,-8
4308,1
4309,2
4310,-7
4311,-18
4312,2
4313,5
4314,3
4315,-8
4316,2
4317,-5
4318,-5
4319,-2
4320,2
4321,-9
4322,14
4323,-7
4324,-4
4325,7
4326,3
4327,-22
4328,13
4329,1
4330,-4
4331,2
4332,8
4333,-4
4334,2
4335,-2
4336,-3
4337,2
4338,-2
4339,-3
4340,2
4341,3
4342,6
4343,-13
4344,7
4345,2
4346,-14
4347,2
4348,2
4349,-4
4350,-4
4351,8
4352,-5
4353,4
4354,-8
4355,2
4356,-7
4357,-2
4358,-5
4359,-14
4360,3
4361,2
4362,2
4363,2
4364,3
4365,2
4366,-9
4367,-2
4368,-8
4369,3
4370,6
4371,17
4372,2
4373,2
4374,2
4375,-17
4376,2
4377,-7
4378,-5
4379,12
4380,2
4381,5
4382,2
4383,3
4384,2
4385,2
4386,-8
4387,-4
4388,-2
4389,2
4390,-2
4391,-7
4392,9
4393,-2
4394,-3
4395,2
4396,2
4397,2
4398,-2
4399,2
4400,2
4401,2
4402,3
4403,2
4404,2
4405,2
4406,-7
4407,-13
4408,3
4409,2
4410,9
4411,-4
4412,4
4413,-4
4414,2
4415,2
4416,-4
4417,2
4418,-2
4419,1
4420,8
4421,2
4422,3
4423,-15
4424,11
4425,2
4426,-7
4427,2
4428,2
4429,-2
4430,6
4431,12
4432,-15
4433,-7
4434,2
4435,8
4436,-10
4437,6
4438,-3
4439,-13
4440,10
4441,2
4442,2
4443,-2
4444,2
4445,-2
4446,-2
4447,-2
4448,2
4449,13
4450,1
4451,1
4452,1
4453,1
4454,3
4455,-16
4456,7
4457,-2
4458,-7
4459,10
4460,3
4461,3
4462,2
4463,-2
4464,-2
4465,-2
4466,-5
4467,-3
4468,-7
4469,5
4470,2
4471,-13
4472,8
4473,-7
4474,2
4475,2
4476,-5
4477,-3
4478,3
4479,2
4480,10
4481,-2
4482,2
4483,-4
4484,2
4485,2
4486,2
4487,-10
4488,8
4489,-2
4490,11
4491,-8
4492,2
4493,-2
4494,-3
4495,5
4496,-7
4497,-8
4498,5
4499,8
4500,9
4501,-12
4502,-5
4503,-17
4504,8
4505,-2
4506,-4
4507,-4
4508,11
4509,2
4510,4
4511,2
4512,-3
4513,-4
4514,-2
4515,-2
4516,-4
4517,-3
4518,2
4519,-6
4520,8
4521,-7
4522,2
4523,-2
4524,2
4525,1
4526,2
4527,2
4528,2
4529,2
4530,-2
4531,2
4532,-2
4533,2
4534,-2
4535,-14
4536,4
4537,-3
4538,8
4539,2
4540,2
4541,7
4542,-2
4543,2
4544,1
4545,3
4546,-4
4547,12
4548,2
4549,3
4550,2
4551,-14
4552,2
4553,-3
4554,-3
4555,5
4556,-13
4557,7
4558,2
4559,3
4560,-2
4561,-7
4562,-2
4563,1
4564,-2
4565,2
4566,-4
4567,-6
4568,3
4569,-11
4570,2
4571,-7
4572,2
4573,-3
4574,-7
4575,5
4576,11
4577,2
4578,3
4579,-2
4580,2
4581,2
4582,-16
4583,-12
4584,-9
4585,-2
4586,3
4587,2
4588,-7
4589,-7
4590,2
4591,-2
4592,-5
4593,-4
4594,2
4595,2
4596,3
4597,8
4598,-9
4599,-17
4600,9
4601,-7
4602,-2
4603,2
4604,-4
4605,2
4606,3
4607,5
4608,2
4609,2
4610,-7
4611,2
4612,-2
4613,-2
4614,-2
4615,-4
4616,9
4617,-7
4618,-7
4619,10
4620,-5
4621,-9
4622,-6
4623,-3
4624,2
4625,2
4626,3
4627,-3
4628,2
4629,2
4630,2
4631,-19
4632,7
4633,-4
4634,2
4635,4
4636,2
4637,2
4638,2
4639,-4
4640,9
4641,2
4642,2
4643,-4
4644,-4
4645,3
4646,7
4647,-22
4648,9
4649,-5
4650,-7
4651,2
4652,2
4653,-2
4654,2
4655,2
4656,3
4657,-2
4658,-3
4659,2
4660,2
4661,-14
4662,5
4663,-16
4664,15
4665,-7
4666,5
4667,2
4668,2
4669,-7
4670,2
4671,2
4672,2
4673,-6
4674,10
4675,-3
4676,2
4677,-2
4678,-2
4679,-13
4680,3
4681,2
4682,2
4683,-7
4684,8
4685,2
4686,2
4687,2
4688,-7
4689,-4
4690,2
4691,2
4692,-2
4693,2
4694,8
4695,-14
4696,10
4697,-4
4698,-5
4699,2
4700,-2
4701,7
4702,-7
4703,10
4704,2
4705,2
4706,-7
4707,13
4708,-2
4709,2
4710,-3
4711,-10
4712,-16
4713,13
4714,2
4715,8
4716,-4
4717,-4
4718,3
4719,3
4720,2
4721,-18
4722,7
4723,3
4724,-8
4725,7
4726,-19
4727,2
4728,-10
4729,2
4730,-10
4731,-3
4732,5
4733,3
4734,2
4735,-14
4736,2
4737,7
4738,-2
4739,2
4740,5
4741,11
4742,2
4743,-16
4744,3
4745,-4
4746,17
4747,2
4748,2
4749,-5
4750,4
4751,11
4752,2
4753,-3
4754,2
4755,-7
4756,5
4757,-5
4758,-2
4759,-9
4760,-7
4761,1
4762,4
4763,2
4764,3
4765,-22
4766,9
4767,-3
4768,2
4769,2
4770,10
4771,22
4772,-10
4773,2
4774,7
4775,-33
4776,2
4777,-5
4778,-2
4779,9
4780,-12
4781,9
4782,-3
4783,-3
4784,8
4785,-22
4786,8
4787,-6
4788,1
4789,12
4790,-17
4791,-7
4792,5
4793,-7
4794,1
4795,-8
4796,7
4797,2
4798,-5
4799,15
4800,-21
4801,16
4802,2
4803,-2
4804,8
4805,-23
4806,8
4807,-14
4808,-5
4809,10
4810,-17
4811,8
4812,1
4813,-4
4814,4
4815,-21
4816,10
4817,-6
4818,-7
4819,13
4820,-17
4821,7
4822,2
4823,-16
4824,6
4825,-21
4826,14
4827,-7
4828,5
4829,4
4830,-10
4831,8
4832,2
4833,-5
4834,2
4835,-10
4836,12
4837,-4
4838,5
4839,-13
4840,-9
4841,4
4842,2
4843,-4
4844,2
4845,-2
4846,2
4847,-7
4848,8
4849,-4
4850,-2
4851,7
4852,-3
4853,-5
4854,2
4855,-21
4856,7
4857,-9
4858,4
4859,-3
4860,-3
4861,5
4862,1
4863,-7
4864,2
4865,-2
4866,3
4867,9
4868,2
4869,2
4870,-8
4871,-2
4872,3
4873,-2
4874,2
4875,7
4876,-6
4877,10
4878,-7
4879,3
4880,6
4881,-5
4882,2
4883,-2
4884,2
4885,-3
4886,2
4887,-16
4888,-4
4889,2
4890,4
4891,-2
4892,-2
4893,-2
4894,1
4895,2
4896,-7
4897,8
4898,2
4899,2
4900,-2
4901,-8
4902,-3
4903,-16
4904,-7
4905,3
4906,8
4907,2
4908,2
4909,-4
4910,2
4911,-5
4912,-3
4913,-4
4914,2
4915,-4
4916,3
4917,1
4918,2
4919,-18
4920,4
4921,-10
4922,-2
4923,-2
4924,2
4925,-3
4926,2
4927,2
4928,2
4929,-5
4930,2
4931,-8
4932,2
4933,-2
4934,10
4935,-19
4936,3
4937,9
4938,2
4939,-7
4940,2
4941,-11
4942,2
4943,-9
4944,2
4945,4
4946,5
4947,2
4948,2
4949,-6
4950,2
4951,-22
4952,9
4953,-7
4954,19
4955,11
4956,-5
4957,-7
4958,-4
4959,-3
4960,-4
4961,-6
4962,-8
4963,8
4964,2
4965,5
4966,-14
4967,-24
4968,3
4969,-4
4970,2
4971,-2
4972,1
4973,-5
4974,7
4975,2
4976,6
4977,2
4978,-2
4979,-4
4980,2
4981,-5
4982,2
4983,-17
4984,9
4985,-7
4986,5
4987,-4
4988,2
4989,-4
4990,2
4991,-2
4992,-2
4993,7
4994,2
4995,3
4996,-2
4997,2
4998,2
4999,-16
5000,2
5001,2
5002,-2
5003,7
5004,-2
5005,7
5006,2
5007,-8
5008,2
5009,-14
5010,2
5011,1
5012,-5
5013,8
5014,-5
5015,-2
5016,3
5017,2
5018,1
5019,-3
5020,5
5021,2
5022,-5
5023,10
5024,2
5025,4
5026,2
5027,-3
5028,2
5029,-2
5030,2
5031,-21
5032,18
5033,2
5034,3
5035,2
5036,-2
5037,2
5038,-5
5039,-3
5040,2
5041,-7
5042,7
5043,2
5044,3
5045,2
5046,-4
5047,-15
5048,9
5049,-7
5050,-7
5051,10
5052,8
5053,2
5054,13
5055,-13
5056,-2
5057,3
5058,1
5059,2
5060,2
5061,-4
5062,8
5063,-10
5064,2
5065,2
5066,-2
5067,2
5068,2
5069,2
5070,3
5071,2
5072,8
5073,7
5074,2
5075,2
5076,2
5077,-2
5078,2
5079,-11
5080,3
5081,2
5082,2
5083,4
5084,-4
5085,7
5086,-4
5087,2
5088,2
5089,2
5090,2
5091,5
5092,2
5093,2
5094,6
5095,-26
5096,2
5097,-7
5098,2
5099,2
5100,-2
5101,6
5102,2
5103,2
5104,2
5105,2
5106,2
5107,2
5108,2
5109,2
5110,2
5111,-8
5112,5
5113,-2
5114,-2
5115,-2
5116,2
5117,-2
5118,2
5119,1
5120,1
5121,9
5122,-2
5123,2
5124,2
5125,-2
5126,2
5127,-18
5128,-5
5129,2
5130,7
5131,13
5132,-4
5133,4
5134,2
5135,2
5136,2
5137,-2
5138,1
5139,2
5140,2
5141,-2
5142,7
5143,-16
5144,3
5145,-5
5146,2
5147,-2
5148,2
5149,-4
5150,7
5151,-4
5152,8
5153,-2
5154,2
5155,-4
5156,-2
5157,-4
5158,-2
5159,-14
5160,3
5161,2
5162,2
5163,-5
5164,2
5165,-2
5166,1
5167,2
5168,-3
5169,5
5170,2
5171,7
5172,2
5173,-3
5174,-2
5175,-16
5176,2
5177,2
5178,-8
5179,4
5180,-10
5181,8
5182,2
5183,2
5184,2
5185,-10
5186,2
5187,-7
5188,-4
5189,3
5190,-18
5191,-12
5192,-4
5193,-7
5194,-2
5195,-2
5196,2
5197,2
5198,2
5199,7
5200,2
5201,2
5202,-2
5203,2
5204,-2
5205,-7
5206,2
5207,-16
5208,2
5209,-7
5210,6
5211,2
5212,2
5213,-6
5214,-2
5215,-7
5216,2
5217,-9
5218,4
5219,-7
5220,13
5221,-14
5222,2
5223,-24
5224,2
5225,-2
5226,2
5227,-5
5228,5
5229,2
5230,16
5231,-13
5232,-7
5233,-8
5234,-3
5235,-9
5236,9
5237,-22
5238,8
5239,-13
5240,14
5241,-5
5242,-11
5243,-9
5244,2
5245,-5
5246,7
5247,-13
5248,7
5249,-4
5250,2
5251,1
5252,-10
5253,-9
5254,-2
5255,-22
5256,8
5257,-17
5258,3
5259,-2
5260,2
5261,2
5262,-13
5263,-10
5264,-8
5265,-7
5266,-15
5267,-4
5268,-3
5269,-6
5270,2
5271,-15
5272,2
5273,-16
5274,3
5275,-3
5276,-7
5277,-16
5278,3
5279,1
5280,2
5281,2
5282,-9
5283,-4
5284,-2
5285,-2
5286,-5
5287,-16
5288,14
5289,-23
5290,3
5291,-20
5292,2
5293,-10
5294,2
5295,-7
5296,2
5297,-16
5298,5
5299,-4
5300,2
5301,-4
5302,2
5303,-19
5304,5
5305,-9
5306,7
5307,-2
5308,2
5309,-3
5310,-18
5311,12
5312,-8
5313,2
5314,-10
5315,7
5316,-12
5317,-7
5318,8
5319,-14
5320,5
5321,-7
5322,-9
5323,7
5324,2
5325,13
5326,-2
5327,1
5328,8
5329,-2
5330,5
5331,-15
5332,2
5333,2
5334,-4
5335,-4
5336,-7
5337,-6
5338,9
5339,-2
5340,3
5341,-11
5342,-9
5343,5
5344,2
5345,8
5346,2
5347,-20
5348,13
5349,-3
5350,-7
5351,-7
5352,2
5353,5
5354,3
5355,16
5356,-8
5357,-7
5358,12
5359,-2
5360,-2
5361,2
5362,2
5363,2
5364,12
5365,-2
5366,2
5367,-20
5368,16
5369,-5
5370,2
5371,2
5372,-7
5373,12
5374,7
5375,5
5376,-7
5377,-8
5378,8
5379,2
5380,2
5381,-6
5382,2
5383,-15
5384,7
5385,2
5386,-7
5387,-5
5388,10
5389,-2
5390,-2
5391,-2
5392,-8
5393,12
5394,3
5395,1
5396,-3
5397,-10
5398,11
5399,-16
5400,2
5401,2
5402,2
5403,2
5404,5
5405,2
5406,2
5407,-8
5408,11
5409,-2
5410,2
5411,2
5412,-12
5413,22
5414,-7
5415,-12
5416,4
5417,-14
5418,14
5419,-2
5420,2
5421,1
5422,-11
5423,25
5424,-8
5425,2
5426,2
5427,-9
5428,10
5429,-2
5430,2
5431,-14
5432,-7
5433,13
5434,10
5435,-19
5436,2
5437,-7
5438,11
5439,-5
5440,2
5441,-2
5442,-5
5443,9
5444,3
5445,-3
5446,2
5447,-20
5448,10
5449,-4
5450,1
5451,-5
5452,3
5453,4
5454,5
5455,-8
5456,-4
5457,6
5458,-16
5459,-2
5460,2
5461,-7
5462,7
5463,-7
5464,2
5465,-7
5466,-4
5467,3
5468,-7
5469,-3
5470,-3
5471,-2
5472,2
5473,14
5474,-2
5475,-5
5476,2
5477,2
5478,2
5479,-19
5480,3
5481,-5
5482,3
5483,2
5484,-2
5485,-3
5486,-2
5487,3
5488,-12
5489,3
5490,-4
5491,10
5492,-3
5493,3
5494,-7
5495,-16
5496,8
5497,-13
5498,-4
5499,2
5500,-8
5501,10
5502,-2
5503,3
5504,-2
5505,-2
5506,-3
5507,-7
5508,2
5509,-4
5510,1
5511,-12
5512,11
5513,-22
5514,2
5515,-4
5516,-2
5517,-5
5518,2
5519,-2
5520,2
5521,4
5522,-8
5523,-5
5524,-2
5525,7
5526,2
5527,-17
5528,2
5529,-11
5530,12
5531,-3
5532,3
5533,-2
5534,-3
5535,-2
5536,-4
5537,2
5538,3
5539,1
5540,16
5541,2
5542,1
5543,-13
5544,3
5545,-9
5546,-2
5547,-10
5548,11
5549,2
5550,3
5551,3
5552,-8
5553,-2
5554,2
5555,-2
5556,3
5557,-2
5558,2
5559,-10
5560,8
5561,8
5562,-14
5563,-2
5564,2
5565,2
5566,2
5567,-2
5568,2
5569,2
5570,11
5571,3
5572,2
5573,-2
5574,2
5575,-14
5576,7
5577,-5
5578,-2
5579,13
5580,2
5581,2
5582,2
5583,2
5584,2
5585,2
5586,3
5587,-2
5588,-2
5589,13
5590,2
5591,-14
5592,6
5593,-5
5594,-4
5595,2
5596,-2
5597,-2
5598,-4
5599,3
5600,2
5601,2
5602,2
5603,2
5604,2
5605,2
5606,-2
5607,-11
5608,2
5609,2
5610,4
5611,2
5612,-7
5613,-2
5614,-2
5615,2
5616,2
5617,-8
5618,8
5619,-3
5620,5
5621,2
5622,-2
5623,-11
5624,2
5625,-8
5626,5
5627,-4
5628,10
5629,-4
5630,3
5631,-5
5632,8
5633,2
5634,2
5635,2
5636,2
5637,3
5638,3
5639,-7
5640,5
5641,-2
5642,-2
5643,3
5644,-2
5645,2
5646,2
5647,3
5648,3
5649,2
5650,-3
5651,2
5652,2
5653,2
5654,2
5655,-16
5656,10
5657,4
5658,2
5659,2
5660,-2
5661,1
5662,-4
5663,-2
5664,2
5665,2
5666,2
5667,8
5668,2
5669,2
5670,2
5671,-13
5672,2
5673,2
5674,-2
5675,3
5676,1
5677,4
5678,14
5679,-19
5680,2
5681,-4
5682,7
5683,2
5684,-2
5685,2
5686,2
5687,-5
5688,3
5689,-2
5690,2
5691,-4
5692,10
5693,2
5694,2
5695,-2
5696,7
5697,14
5698,-3
5699,2
5700,2
5701,-5
5702,3
5703,-11
5704,2
5705,2
5706,3
5707,2
5708,2
5709,2
5710,2
5711,-7
5712,-4
5713,-2
5714,-7
5715,7
5716,-14
5717,4
5718,-2
5719,-9
5720,2
5721,-2
5722,7
5723,3
5724,2
5725,-2
5726,9
5727,2
5728,3
5729,2
5730,2
5731,-3
5732,3
5733,-2
5734,3
5735,-19
5736,10
5737,2
5738,1
5739,2
5740,-5
5741,-4
5742,2
5743,2
5744,-8
5745,15
5746,-7
5747,6
5748,2
5749,2
5750,-3
5751,-10
5752,2
5753,-4
5754,-6
5755,16
5756,-3
5757,11
5758,-15
5759,2
5760,-4
5761,-2
5762,-3
5763,2
5764,-2
5765,12
5766,-3
5767,-2
5768,-15
5769,9
5770,-2
5771,-2
5772,7
5773,-12
5774,-12
5775,24
5776,-2
5777,11
5778,-13
5779,2
5780,-2
5781,-4
5782,8
5783,-27
5784,11
5785,-4
5786,8
5787,2
5788,-15
5789,2
5790,-5
5791,-2
5792,5
5793,-19
5794,9
5795,-3
5796,2
5797,-2
5798,5
5799,-13
5800,5
5801,-2
5802,4
5803,-10
5804,2
5805,5
5806,-4
5807,2
5808,-4
5809,-4
5810,-3
5811,-8
5812,16
5813,-13
5814,2
5815,-8
5816,4
5817,2
5818,-18
5819,1
5820,-7
5821,8
5822,-3
5823,11
5824,-7
5825,3
5826,-4
5827,9
5828,-14
5829,-10
5830,9
5831,-9
5832,-3
5833,3
5834,3
5835,2
5836,-5
5837,3
5838,-4
5839,2
5840,-3
5841,-4
5842,5
5843,-8
5844,2
5845,2
5846,2
5847,-12
5848,3
5849,-7
5850,-4
5851,-8
5852,2
5853,-11
5854,12
5855,-16
5856,2
5857,-2
5858,2
5859,-7
5860,2
5861,-3
5862,15
5863,-16
5864,6
5865,-7
5866,2
5867,5
5868,-9
5869,5
5870,-4
5871,6
5872,10
5873,-4
5874,2
5875,2
5876,-2
5877,2
5878,-12
5879,-12
5880,1
5881,-4
5882,8
5883,2
5884,2
5885,2
5886,2
5887,2
5888,-2
5889,-4
5890,-2
5891,2
5892,4
5893,2
5894,2
5895,-7
5896,-17
5897,2
5898,-5
5899,-8
5900,2
5901,-12
5902,2
5903,7
5904,2
5905,-7
5906,-2
5907,-7
5908,9
5909,2
5910,-7
5911,8
5912,-18
5913,2
5914,-4
5915,2
5916,-7
5917,-2
5918,1
5919,-7
5920,7
5921,4
5922,3
5923,-5
5924,-5
5925,-10
5926,11
5927,-15
5928,2
5929,-8
5930,5
5931,3
5932,-2
5933,2
5934,2
5935,-9
5936,8
5937,-2
5938,2
5939,-9
5940,28
5941,8
5942,2
5943,-9
5944,-4
5945,-12
5946,9
5947,2
5948,-2
5949,2
5950,9
5951,-7
5952,2
5953,2
5954,2
5955,-9
5956,8
5957,2
5958,-4
5959,-9
5960,2
5961,2
5962,3
5963,-2
5964,2
5965,-8
5966,10
5967,2
5968,-2
5969,2
5970,2
5971,16
5972,-9
5973,2
5974,-5
5975,-12
5976,-10
5977,7
5978,-5
5979,2
5980,-2
5981,16
5982,2
5983,2
5984,3
5985,-19
5986,-3
5987,1
5988,2
5989,2
5990,-2
5991,2
5992,3
5993,2
5994,2
5995,2
5996,-2
5997,-6
5998,8
5999,-8
6000,8
6001,2
6002,-2
6003,2
6004,2
6005,-11
6006,12
6007,-15
6008,1
6009,-7
6010,2
6011,12
6012,2
6013,-7
6014,2
6015,-30
6016,12
6017,-7
6018,8
6019,-7
6020,2
6021,7
6022,5
6023,-15
6024,2
6025,2
6026,1
6027,-7
6028,10
6029,7
6030,-5
6031,12
6032,2
6033,2
6034,-2
6035,-4
6036,7
6037,5
6038,4
6039,-10
6040,-2
6041,2
6042,2
6043,2
6044,-5
6045,-3
6046,2
6047,8
6048,2
6049,8
6050,2
6051,-4
6052,-6
6053,2
6054,2
6055,-14
6056,-7
6057,1
6058,2
6059,10
6060,-18
6061,10
6062,-2
6063,-2
6064,2
6065,2
6066,-4
6067,2
6068,4
6069,-5
6070,-4
6071,-2
6072,-7
6073,3
6074,-8
6075,16
6076,2
6077,8
6078,2
6079,2
6080,3
6081,2
6082,-10
6083,9
6084,2
6085,2
6086,2
6087,-7
6088,2
6089,2
6090,4
6091,-2
6092,-2
6093,1
6094,2
6095,2
6096,5
6097,2
6098,8
6099,-2
6100,-3
6101,-5
6102,-2
6103,-12
6104,-5
6105,1
6106,2
6107,-4
6108,8
6109,-2
6110,2
6111,-4
6112,-2
6113,-2
6114,-7
6115,8
6116,2
6117,5
6118,-4
6119,-10
6120,-7
6121,3
6122,2
6123,-2
6124,2
6125,18
6126,18
6127,3
6128,3
6129,-4
6130,2
6131,5
6132,-17
6133,-7
6134,8
6135,-8
6136,-2
6137,8
6138,-8
6139,2
6140,-9
6141,-2
6142,2
6143,-4
6144,2
6145,6
6146,3
6147,2
6148,7
6149,-11
6150,2
6151,-14
6152,1
6153,-5
6154,-2
6155,5
